{
    "ACC": "Accra, Ghana",
    "ADL": "Adelaide, SA, Australia",
    "AKL": "Auckland, New Zealand",
    "ALA": "Almaty, Kazakhstan",
    "ALG": "Algiers, Algeria",
    "AMD": "Ahmedabad, India",
    "AMM": "Amman, Jordan",
    "AMS": "Amsterdam, Netherlands",
    "AQG": "Anqing, China",
    "ARI": "Arica, Chile",
    "ARN": "Stockholm, Sweden",
    "ASU": "Asunción, Paraguay",
    "ATH": "Athens, Greece",
    "ATL": "Atlanta, GA, United States",
    "Au": "Port",
    "BAH": "Manama, Bahrain",
    "BBI": "Bhubaneswar, India",
    "BCN": "Barcelona, Spain",
    "BEG": "Belgrade, Serbia",
    "BEL": "Belém, Brazil",
    "BEY": "Beirut, Lebanon",
    "BGW": "Baghdad, Iraq",
    "BKK": "Bangkok, Thailand",
    "BLR": "Bangalore, India",
    "BNA": "Nashville, TN, United States",
    "BNE": "Brisbane, QLD, Australia",
    "BNU": "Blumenau, Brazil",
    "BOG": "Bogotá, Colombia",
    "BOM": "Mumbai, India",
    "BOS": "Boston, MA, United States",
    "BPE": "Qinhuangdao, China",
    "BRU": "Brussels, Belgium",
    "BSB": "Brasilia, Brazil",
    "BUD": "Budapest, Hungary",
    "BUF": "Buffalo, NY, United States",
    "BWN": "Bandar Seri Begawan, Brunei",
    "CAN": "Guangzhou, China",
    "CBR": "Canberra, ACT, Australia",
    "CCU": "Kolkata, India",
    "CDG": "Paris, France",
    "CEB": "Cebu, Philippines",
    "CFC": "Caçador, Brazil",
    "CGD": "Changde, China",
    "CGK": "Jakarta, Indonesia",
    "CGO": "Zhengzhou, China",
    "CGP": "Chittagong, Bangladesh",
    "CLT": "Charlotte, NC, United States",
    "CMB": "Colombo, Sri Lanka",
    "CMH": "Columbus, OH, United States",
    "CMN": "Casablanca, Morocco",
    "CNF": "Belo Horizonte, Brazil",
    "CNX": "Chiang Mai, Thailand",
    "CPH": "Copenhagen, Denmark",
    "CPT": "Cape Town, South Africa",
    "CSX": "Changsha, China",
    "CTU": "Chengdu, China",
    "CUR": "Willemstad, Curaçao",
    "CWB": "Curitiba, Brazil",
    "CZX": "Changzhou, China",
    "DAC": "Dhaka, Bangladesh",
    "DAR": "Dar Es Salaam, Tanzania",
    "DEL": "New Delhi, India",
    "DEN": "Denver, CO, United States",
    "DFW": "Dallas, TX, United States",
    "DKR": "Dakar, Senegal",
    "DLC": "Dalian, China",
    "DME": "Moscow, Russia",
    "DMM": "Dammam, Saudi Arabia",
    "DOH": "Doha, Qatar",
    "DTW": "Detroit, MI, United States",
    "DUB": "Dublin, Ireland",
    "DUR": "Durban, South Africa",
    "DUS": "Düsseldorf, Germany",
    "DXB": "Dubai, United Arab Emirates",
    "EBL": "Erbil, Iraq",
    "EDI": "Edinburgh, United Kingdom",
    "EVN": "Yerevan, Armenia",
    "EWR": "Newark, NJ, United States",
    "EZE": "Buenos Aires, Argentina",
    "FCO": "Rome, Italy",
    "FLN": "Florianopolis, Brazil",
    "FOC": "Fuzhou, China",
    "FOR": "Fortaleza, Brazil",
    "FRA": "Frankfurt, Germany",
    "FUO": "Foshan, China",
    "GIG": "Rio de Janeiro, Brazil",
    "GND": "St. George's, Grenada",
    "GOT": "Gothenburg, Sweden",
    "GRU": "São Paulo, Brazil",
    "GUA": "Guatemala City, Guatemala",
    "GVA": "Geneva, Switzerland",
    "GYD": "Baku, Azerbaijan",
    "GYE": "Guayaquil, Ecuador",
    "GYN": "Goiânia, Brazil",
    "HAK": "Haikou, China",
    "HAM": "Hamburg, Germany",
    "HAN": "Hanoi, Vietnam",
    "HEL": "Helsinki, Finland",
    "HET": "Hohhot, China",
    "HFA": "Haifa, Israel",
    "HFE": "Huainan, China",
    "HGH": "Jinhua, China",
    "HKG": "Hong Kong",
    "HNL": "Honolulu, HI, United States",
    "HRE": "Harare, Zimbabwe",
    "HYD": "Hyderabad, India",
    "HYN": "Taizhou, China",
    "IAD": "Ashburn, VA, United States",
    "IAH": "Houston, TX, United States",
    "ICN": "Seoul, South Korea",
    "IND": "Indianapolis, IN, United States",
    "ISB": "Islamabad, Pakistan",
    "IST": "Istanbul, Turkey",
    "ITJ": "Itajaí, Brazil",
    "JAX": "Jacksonville, FL, United States",
    "JDO": "Juazeiro do Norte, Brazil",
    "JHB": "Johor Bahru, Malaysia",
    "JIB": "Djibouti City, Djibouti",
    "JJN": "Quanzhou, China",
    "JNB": "Johannesburg, South Africa",
    "JOG": "Yogyakarta, Indonesia",
    "JOI": "Joinville, Brazil",
    "JSR": "Jashore, Bangladesh",
    "JUZ": "Quzhou, China",
    "KBP": "Kyiv, Ukraine",
    "KEF": "Reykjavík, Iceland",
    "KGL": "Kigali, Rwanda",
    "KHI": "Karachi, Pakistan",
    "KHN": "Xinyu, China",
    "KHV": "Khabarovsk, Russia",
    "KIV": "Chișinău, Moldova",
    "KIX": "Osaka, Japan",
    "KJA": "Krasnoyarsk, Russia",
    "KNU": "Kanpur, India",
    "KTM": "Kathmandu, Nepal",
    "KUL": "Kuala Lumpur, Malaysia",
    "KWE": "Guiyang, China",
    "KWI": "Kuwait City, Kuwait",
    "LAD": "Luanda, Angola",
    "LAS": "Las Vegas, NV, United States",
    "LAX": "Los Angeles, CA, United States",
    "LCA": "Nicosia, Cyprus",
    "LED": "Saint Petersburg, Russia",
    "LHE": "Lahore, Pakistan",
    "LHR": "London, United Kingdom",
    "LHW": "Lanzhou, China",
    "LIM": "Lima, Peru",
    "LIS": "Lisbon, Portugal",
    "LLK": "Astara, Azerbaijan",
    "LOS": "Lagos, Nigeria",
    "LUX": "Luxembourg City, Luxembourg",
    "LYA": "Luoyang, China",
    "MAA": "Chennai, India",
    "MAD": "Madrid, Spain",
    "MAN": "Manchester, United Kingdom",
    "MAO": "Manaus, Brazil",
    "MBA": "Mombasa, Kenya",
    "MCI": "Kansas City, MO, United States",
    "MCT": "Muscat, Oman",
    "MDE": "Medellín, Colombia",
    "MEL": "Melbourne, VIC, Australia",
    "MEM": "Memphis, TN, United States",
    "MEX": "Mexico City, Mexico",
    "MFE": "McAllen, TX, United States",
    "MFM": "Macau",
    "MGM": "Montgomery, AL, United States",
    "MIA": "Miami, FL, United States",
    "MLE": "Malé, Maldives",
    "MNL": "Manila, Philippines",
    "MPM": "Maputo, Mozambique",
    "MRS": "Marseille, France",
    "MRU": "Port Louis, Mauritius",
    "MSP": "Minneapolis, MN, United States",
    "MSQ": "Minsk, Belarus",
    "MUC": "Munich, Germany",
    "MXP": "Milan, Italy",
    "NAG": "Nagpur, India",
    "NBO": "Nairobi, Kenya",
    "NKG": "Suqian, China",
    "NOU": "Noumea, New Caledonia",
    "NQN": "Neuquén, Argentina",
    "NRT": "Tokyo, Japan",
    "OMA": "Omaha, NE, United States",
    "ORD": "Chicago, IL, United States",
    "ORF": "Norfolk, VA, United States",
    "ORK": "Cork, Ireland",
    "OSL": "Oslo, Norway",
    "OTP": "Bucharest, Romania",
    "PAT": "Patna, India",
    "PBH": "Thimphu, Bhutan",
    "PBM": "Paramaribo, Suriname",
    "PDX": "Portland, OR, United States",
    "PER": "Perth, WA, Australia",
    "PHL": "Philadelphia, United States",
    "PHX": "Phoenix, AZ, United States",
    "PIT": "Pittsburgh, PA, United States",
    "PKX": "Langfang, China",
    "PMO": "Palermo, Italy",
    "PNH": "Phnom Penh, Cambodia",
    "POA": "Porto Alegre, Brazil",
    "PRG": "Prague, Czech Republic",
    "PTY": "Panama City, Panama",
    "QRO": "Queretaro, MX, Mexico",
    "QWJ": "Americana, Brazil",
    "RAO": "Ribeirao Preto, Brazil",
    "RGN": "Yangon, Myanmar",
    "RIC": "Richmond, VA, United States",
    "RIX": "Riga, Latvia",
    "ROB": "Monrovia, Liberia",
    "RUH": "Riyadh, Saudi Arabia",
    "RUN": "Réunion, France",
    "SAN": "San Diego, CA, United States",
    "SCL": "Santiago, Chile",
    "SEA": "Seattle, WA, United States",
    "SGN": "Ho Chi Minh City, Vietnam",
    "SHA": "Shanghai, China",
    "SIN": "Singapore, Singapore",
    "SJC": "San Jose, CA, United States",
    "SJO": "San José, Costa Rica",
    "SJP": "São José do Rio Preto, Brazil",
    "SJW": "Hengshui, China",
    "SKG": "Thessaloniki, Greece",
    "SLC": "Salt Lake City, UT, United States",
    "SMF": "Sacramento, CA, United States",
    "SOD": "Sorocaba, Brazil",
    "SOF": "Sofia, Bulgaria",
    "SSA": "Salvador, Brazil",
    "STL": "St. Louis, MO, United States",
    "SVX": "Yekaterinburg, Russia",
    "SYD": "Sydney, NSW, Australia",
    "TAO": "Qingdao, China",
    "TAS": "Tashkent, Uzbekistan",
    "TBS": "Tbilisi, Georgia",
    "TGU": "Tegucigalpa, Honduras",
    "TLH": "Tallahassee, FL, United States",
    "TLL": "Tallinn, Estonia",
    "TLV": "Tel Aviv, Israel",
    "TNA": "Jinan, China",
    "TNR": "Antananarivo, Madagascar",
    "TPA": "Tampa, FL, United States",
    "TPE": "Taipei",
    "TSN": "Tianjin, China",
    "TUN": "Tunis, Tunisia",
    "TXL": "Berlin, Germany",
    "UDI": "Uberlândia, Brazil",
    "UIO": "Quito, Ecuador",
    "ULN": "Ulaanbaatar, Mongolia",
    "URT": "Surat Thani, Thailand",
    "VCP": "Campinas, Brazil",
    "VIE": "Vienna, Austria",
    "VNO": "Vilnius, Lithuania",
    "VTE": "Vientiane, Laos",
    "WAW": "Warsaw, Poland",
    "WDS": "Shiyan, China",
    "WUX": "Wuxi, China",
    "XIY": "Baoji, China",
    "XNN": "Xining, China",
    "YIH": "Yichang, China",
    "YOW": "Ottawa, Canada",
    "YUL": "Montréal, QC, Canada",
    "YVR": "Vancouver, BC, Canada",
    "YWG": "Winnipeg, MB, Canada",
    "YXE": "Saskatoon, SK, Canada",
    "YYC": "Calgary, AB, Canada",
    "YYZ": "Toronto, ON, Canada",
    "ZAG": "Zagreb, Croatia",
    "ZDM": "Ramallah",
    "ZRH": "Zürich, Switzerland"
}