{
    "AAE": {
        "cca2": "DZ",
        "city": "Annaba",
        "country": "Algeria",
        "name": "Annaba, Algeria",
        "region": "Africa"
    },
    "ABJ": {
        "city": "Abidjan",
        "country": "Ivory Coast",
        "name": "Abidjan, Ivory Coast",
        "region": "Africa"
    },
    "ABQ": {
        "cca2": "US",
        "city": "Albuquerque",
        "country": "United States",
        "name": "Albuquerque, United States",
        "region": "North America"
    },
    "ACC": {
        "cca2": "GH",
        "city": "Accra",
        "country": "Ghana",
        "name": "Accra, Ghana",
        "region": "Africa"
    },
    "ADB": {
        "cca2": "TR",
        "city": "Izmir",
        "country": "Turkey",
        "name": "Izmir, Turkey",
        "region": "Europe"
    },
    "ADD": {
        "cca2": "ET",
        "city": "Addis Ababa",
        "country": "Ethiopia",
        "name": "Addis Ababa, Ethiopia",
        "region": "Africa"
    },
    "ADL": {
        "cca2": "AU",
        "city": "Adelaide, SA",
        "country": "Australia",
        "name": "Adelaide, SA, Australia",
        "region": "Oceania"
    },
    "AKL": {
        "cca2": "NZ",
        "city": "Auckland",
        "country": "New Zealand",
        "name": "Auckland, New Zealand",
        "region": "Oceania"
    },
    "AKX": {
        "cca2": "KZ",
        "city": "Aktobe",
        "country": "Kazakhstan",
        "name": "Aktobe, Kazakhstan",
        "region": "Asia"
    },
    "ALA": {
        "cca2": "KZ",
        "city": "Almaty",
        "country": "Kazakhstan",
        "name": "Almaty, Kazakhstan",
        "region": "Asia"
    },
    "ALG": {
        "cca2": "DZ",
        "city": "Algiers",
        "country": "Algeria",
        "name": "Algiers, Algeria",
        "region": "Africa"
    },
    "AMD": {
        "cca2": "IN",
        "city": "Ahmedabad",
        "country": "India",
        "name": "Ahmedabad, India",
        "region": "Asia"
    },
    "AMM": {
        "cca2": "JO",
        "city": "Amman",
        "country": "Jordan",
        "name": "Amman, Jordan",
        "region": "Middle East"
    },
    "AMS": {
        "cca2": "NL",
        "city": "Amsterdam",
        "country": "Netherlands",
        "name": "Amsterdam, Netherlands",
        "region": "Europe"
    },
    "ANC": {
        "cca2": "US",
        "city": "Anchorage",
        "country": "United States",
        "name": "Anchorage, United States",
        "region": "North America"
    },
    "ARI": {
        "cca2": "CL",
        "city": "Arica",
        "country": "Chile",
        "name": "Arica, Chile",
        "region": "Latin America & the Caribbean"
    },
    "ARN": {
        "cca2": "SE",
        "city": "Stockholm",
        "country": "Sweden",
        "name": "Stockholm, Sweden",
        "region": "Europe"
    },
    "ARU": {
        "cca2": "BR",
        "city": "Aracatuba",
        "country": "Brazil",
        "name": "Aracatuba, Brazil",
        "region": "Latin America & the Caribbean"
    },
    "ASK": {
        "city": "Yamoussoukro",
        "country": "Ivory Coast",
        "name": "Yamoussoukro, Ivory Coast",
        "region": "Africa"
    },
    "ASU": {
        "cca2": "PY",
        "city": "Asunción",
        "country": "Paraguay",
        "name": "Asunción, Paraguay",
        "region": "Latin America & the Caribbean"
    },
    "ATH": {
        "cca2": "GR",
        "city": "Athens",
        "country": "Greece",
        "name": "Athens, Greece",
        "region": "Europe"
    },
    "ATL": {
        "cca2": "US",
        "city": "Atlanta, GA",
        "country": "United States",
        "name": "Atlanta, GA, United States",
        "region": "North America"
    },
    "AUS": {
        "cca2": "US",
        "city": "Austin",
        "country": "United States",
        "name": "Austin, United States",
        "region": "North America"
    },
    "BAH": {
        "cca2": "BH",
        "city": "Manama",
        "country": "Bahrain",
        "name": "Manama, Bahrain",
        "region": "Middle East"
    },
    "BAQ": {
        "cca2": "CO",
        "city": "Barranquilla",
        "country": "Colombia",
        "name": "Barranquilla, Colombia",
        "region": "Latin America & the Caribbean"
    },
    "BCN": {
        "cca2": "ES",
        "city": "Barcelona",
        "country": "Spain",
        "name": "Barcelona, Spain",
        "region": "Europe"
    },
    "BEG": {
        "cca2": "RS",
        "city": "Belgrade",
        "country": "Serbia",
        "name": "Belgrade, Serbia",
        "region": "Europe"
    },
    "BEL": {
        "cca2": "BR",
        "city": "Belém",
        "country": "Brazil",
        "name": "Belém, Brazil",
        "region": "Latin America & the Caribbean"
    },
    "BEY": {
        "cca2": "LB",
        "city": "Beirut",
        "country": "Lebanon",
        "name": "Beirut, Lebanon",
        "region": "Middle East"
    },
    "BGI": {
        "cca2": "BB",
        "city": "Bridgetown",
        "country": "Barbados",
        "name": "Bridgetown, Barbados",
        "region": "Latin America & the Caribbean"
    },
    "BGR": {
        "cca2": "US",
        "city": "Bangor",
        "country": "United States",
        "name": "Bangor, United States",
        "region": "North America"
    },
    "BGW": {
        "cca2": "IQ",
        "city": "Baghdad",
        "country": "Iraq",
        "name": "Baghdad, Iraq",
        "region": "Middle East"
    },
    "BHY": {
        "cca2": "CN",
        "city": "Beihai",
        "country": "China",
        "name": "Beihai, China",
        "region": "Asia"
    },
    "BKK": {
        "cca2": "TH",
        "city": "Bangkok",
        "country": "Thailand",
        "name": "Bangkok, Thailand",
        "region": "Asia"
    },
    "BLR": {
        "cca2": "IN",
        "city": "Bangalore",
        "country": "India",
        "name": "Bangalore, India",
        "region": "Asia"
    },
    "BNA": {
        "cca2": "US",
        "city": "Nashville",
        "country": "United States",
        "name": "Nashville, United States",
        "region": "North America"
    },
    "BNE": {
        "cca2": "AU",
        "city": "Brisbane, QLD",
        "country": "Australia",
        "name": "Brisbane, QLD, Australia",
        "region": "Oceania"
    },
    "BNU": {
        "cca2": "BR",
        "city": "Blumenau",
        "country": "Brazil",
        "name": "Blumenau, Brazil",
        "region": "Latin America & the Caribbean"
    },
    "BOD": {
        "cca2": "FR",
        "city": "Bordeaux",
        "country": "France",
        "name": "Bordeaux, France",
        "region": "Europe"
    },
    "BOG": {
        "cca2": "CO",
        "city": "Bogota",
        "country": "Colombia",
        "name": "Bogota, Colombia",
        "region": "Latin America & the Caribbean"
    },
    "BOM": {
        "cca2": "IN",
        "city": "Mumbai",
        "country": "India",
        "name": "Mumbai, India",
        "region": "Asia"
    },
    "BOS": {
        "cca2": "US",
        "city": "Boston, MA",
        "country": "United States",
        "name": "Boston, MA, United States",
        "region": "North America"
    },
    "BRU": {
        "cca2": "BE",
        "city": "Brussels",
        "country": "Belgium",
        "name": "Brussels, Belgium",
        "region": "Europe"
    },
    "BSB": {
        "cca2": "BR",
        "city": "Brasilia",
        "country": "Brazil",
        "name": "Brasilia, Brazil",
        "region": "Latin America & the Caribbean"
    },
    "BSR": {
        "cca2": "IQ",
        "city": "Basra",
        "country": "Iraq",
        "name": "Basra, Iraq",
        "region": "Middle East"
    },
    "BTS": {
        "cca2": "SK",
        "city": "Bratislava",
        "country": "Slovakia",
        "name": "Bratislava, Slovakia",
        "region": "Europe"
    },
    "BUD": {
        "cca2": "HU",
        "city": "Budapest",
        "country": "Hungary",
        "name": "Budapest, Hungary",
        "region": "Europe"
    },
    "BUF": {
        "cca2": "US",
        "city": "Buffalo, NY",
        "country": "United States",
        "name": "Buffalo, NY, United States",
        "region": "North America"
    },
    "BWN": {
        "cca2": "BN",
        "city": "Bandar Seri Begawan",
        "country": "Brunei",
        "name": "Bandar Seri Begawan, Brunei",
        "region": "Asia"
    },
    "CAI": {
        "cca2": "EG",
        "city": "Cairo",
        "country": "Egypt",
        "name": "Cairo, Egypt",
        "region": "Africa"
    },
    "CAN": {
        "cca2": "CN",
        "city": "Guangzhou",
        "country": "China",
        "name": "Guangzhou, China",
        "region": "Asia"
    },
    "CAW": {
        "cca2": "BR",
        "city": "Campos dos Goytacazes",
        "country": "Brazil",
        "name": "Campos dos Goytacazes, Brazil",
        "region": "Latin America & the Caribbean"
    },
    "CBR": {
        "cca2": "AU",
        "city": "Canberra, ACT",
        "country": "Australia",
        "name": "Canberra, ACT, Australia",
        "region": "Oceania"
    },
    "CCP": {
        "cca2": "CL",
        "city": "Concepción",
        "country": "Chile",
        "name": "Concepción, Chile",
        "region": "Latin America & the Caribbean"
    },
    "CCU": {
        "cca2": "IN",
        "city": "Kolkata",
        "country": "India",
        "name": "Kolkata, India",
        "region": "Asia"
    },
    "CDG": {
        "cca2": "FR",
        "city": "Paris",
        "country": "France",
        "name": "Paris, France",
        "region": "Europe"
    },
    "CEB": {
        "cca2": "PH",
        "city": "Cebu",
        "country": "Philippines",
        "name": "Cebu, Philippines",
        "region": "Asia"
    },
    "CFC": {
        "cca2": "BR",
        "city": "Cacador",
        "country": "Brazil",
        "name": "Cacador, Brazil",
        "region": "Latin America & the Caribbean"
    },
    "CGB": {
        "cca2": "BR",
        "city": "Cuiaba",
        "country": "Brazil",
        "name": "Cuiaba, Brazil",
        "region": "Latin America & the Caribbean"
    },
    "CGD": {
        "cca2": "CN",
        "city": "Changde",
        "country": "China",
        "name": "Changde, China",
        "region": "Asia"
    },
    "CGK": {
        "cca2": "ID",
        "city": "Jakarta",
        "country": "Indonesia",
        "name": "Jakarta, Indonesia",
        "region": "Asia"
    },
    "CGO": {
        "cca2": "CN",
        "city": "Zhengzhou",
        "country": "China",
        "name": "Zhengzhou, China",
        "region": "Asia"
    },
    "CGP": {
        "cca2": "BD",
        "city": "Chittagong",
        "country": "Bangladesh",
        "name": "Chittagong, Bangladesh",
        "region": "Asia"
    },
    "CGY": {
        "cca2": "PH",
        "city": "Cagayan de Oro",
        "country": "Philippines",
        "name": "Cagayan de Oro, Philippines",
        "region": "Asia"
    },
    "CHC": {
        "cca2": "NZ",
        "city": "Christchurch",
        "country": "New Zealand",
        "name": "Christchurch, New Zealand",
        "region": "Oceania"
    },
    "CKG": {
        "cca2": "CN",
        "city": "Chongqing",
        "country": "China",
        "name": "Chongqing, China",
        "region": "Asia"
    },
    "CLE": {
        "cca2": "US",
        "city": "Cleveland",
        "country": "United States",
        "name": "Cleveland, United States",
        "region": "North America"
    },
    "CLO": {
        "cca2": "CO",
        "city": "Cali",
        "country": "Colombia",
        "name": "Cali, Colombia",
        "region": "Latin America & the Caribbean"
    },
    "CLT": {
        "cca2": "US",
        "city": "Charlotte, NC",
        "country": "United States",
        "name": "Charlotte, NC, United States",
        "region": "North America"
    },
    "CMB": {
        "cca2": "LK",
        "city": "Colombo",
        "country": "Sri Lanka",
        "name": "Colombo, Sri Lanka",
        "region": "Asia"
    },
    "CMH": {
        "cca2": "US",
        "city": "Columbus, OH",
        "country": "United States",
        "name": "Columbus, OH, United States",
        "region": "North America"
    },
    "CNF": {
        "cca2": "BR",
        "city": "Belo Horizonte",
        "country": "Brazil",
        "name": "Belo Horizonte, Brazil",
        "region": "Latin America & the Caribbean"
    },
    "CNN": {
        "cca2": "IN",
        "city": "Kannur",
        "country": "India",
        "name": "Kannur, India",
        "region": "Asia"
    },
    "CNX": {
        "cca2": "TH",
        "city": "Chiang Mai",
        "country": "Thailand",
        "name": "Chiang Mai, Thailand",
        "region": "Asia"
    },
    "COK": {
        "cca2": "IN",
        "city": "Kochi",
        "country": "India",
        "name": "Kochi, India",
        "region": "Asia"
    },
    "COR": {
        "cca2": "AR",
        "city": "Córdoba",
        "country": "Argentina",
        "name": "Córdoba, Argentina",
        "region": "Latin America & the Caribbean"
    },
    "CPH": {
        "cca2": "DK",
        "city": "Copenhagen",
        "country": "Denmark",
        "name": "Copenhagen, Denmark",
        "region": "Europe"
    },
    "CPT": {
        "cca2": "ZA",
        "city": "Cape Town",
        "country": "South Africa",
        "name": "Cape Town, South Africa",
        "region": "Africa"
    },
    "CRK": {
        "cca2": "PH",
        "city": "Tarlac City",
        "country": "Philippines",
        "name": "Tarlac City, Philippines",
        "region": "Asia"
    },
    "CSX": {
        "cca2": "CN",
        "city": "Changsha",
        "country": "China",
        "name": "Changsha, China",
        "region": "Asia"
    },
    "CTU": {
        "cca2": "CN",
        "city": "Chengdu",
        "country": "China",
        "name": "Chengdu, China",
        "region": "Asia"
    },
    "CWB": {
        "cca2": "BR",
        "city": "Curitiba",
        "country": "Brazil",
        "name": "Curitiba, Brazil",
        "region": "Latin America & the Caribbean"
    },
    "CZL": {
        "cca2": "DZ",
        "city": "Constantine",
        "country": "Algeria",
        "name": "Constantine, Algeria",
        "region": "Africa"
    },
    "CZX": {
        "cca2": "CN",
        "city": "Changzhou",
        "country": "China",
        "name": "Changzhou, China",
        "region": "Asia"
    },
    "DAC": {
        "cca2": "BD",
        "city": "Dhaka",
        "country": "Bangladesh",
        "name": "Dhaka, Bangladesh",
        "region": "Asia"
    },
    "DAD": {
        "cca2": "VN",
        "city": "Da Nang",
        "country": "Vietnam",
        "name": "Da Nang, Vietnam",
        "region": "Asia"
    },
    "DAR": {
        "cca2": "TZ",
        "city": "Dar es Salaam",
        "country": "Tanzania",
        "name": "Dar es Salaam, Tanzania",
        "region": "Africa"
    },
    "DEL": {
        "cca2": "IN",
        "city": "New Delhi",
        "country": "India",
        "name": "New Delhi, India",
        "region": "Asia"
    },
    "DEN": {
        "cca2": "US",
        "city": "Denver, CO",
        "country": "United States",
        "name": "Denver, CO, United States",
        "region": "North America"
    },
    "DFW": {
        "cca2": "US",
        "city": "Dallas, TX",
        "country": "United States",
        "name": "Dallas, TX, United States",
        "region": "North America"
    },
    "DKR": {
        "cca2": "SN",
        "city": "Dakar",
        "country": "Senegal",
        "name": "Dakar, Senegal",
        "region": "Africa"
    },
    "DLC": {
        "cca2": "CN",
        "city": "Dalian",
        "country": "China",
        "name": "Dalian, China",
        "region": "Asia"
    },
    "DME": {
        "cca2": "RU",
        "city": "Moscow",
        "country": "Russia",
        "name": "Moscow, Russia",
        "region": "Europe"
    },
    "DMM": {
        "cca2": "SA",
        "city": "Dammam",
        "country": "Saudi Arabia",
        "name": "Dammam, Saudi Arabia",
        "region": "Middle East"
    },
    "DOH": {
        "cca2": "QA",
        "city": "Doha",
        "country": "Qatar",
        "name": "Doha, Qatar",
        "region": "Middle East"
    },
    "DPS": {
        "cca2": "ID",
        "city": "Denpasar",
        "country": "Indonesia",
        "name": "Denpasar, Indonesia",
        "region": "Asia"
    },
    "DTW": {
        "cca2": "US",
        "city": "Detroit, MI",
        "country": "United States",
        "name": "Detroit, MI, United States",
        "region": "North America"
    },
    "DUB": {
        "cca2": "IE",
        "city": "Dublin",
        "country": "Ireland",
        "name": "Dublin, Ireland",
        "region": "Europe"
    },
    "DUR": {
        "cca2": "ZA",
        "city": "Durban",
        "country": "South Africa",
        "name": "Durban, South Africa",
        "region": "Africa"
    },
    "DUS": {
        "cca2": "DE",
        "city": "Düsseldorf",
        "country": "Germany",
        "name": "Düsseldorf, Germany",
        "region": "Europe"
    },
    "DXB": {
        "cca2": "AE",
        "city": "Dubai",
        "country": "United Arab Emirates",
        "name": "Dubai, United Arab Emirates",
        "region": "Middle East"
    },
    "EBB": {
        "cca2": "UG",
        "city": "Kampala",
        "country": "Uganda",
        "name": "Kampala, Uganda",
        "region": "Africa"
    },
    "EBL": {
        "cca2": "IQ",
        "city": "Erbil",
        "country": "Iraq",
        "name": "Erbil, Iraq",
        "region": "Middle East"
    },
    "EVN": {
        "cca2": "AM",
        "city": "Yerevan",
        "country": "Armenia",
        "name": "Yerevan, Armenia",
        "region": "Asia"
    },
    "EWR": {
        "cca2": "US",
        "city": "Newark, NJ",
        "country": "United States",
        "name": "Newark, NJ, United States",
        "region": "North America"
    },
    "EZE": {
        "cca2": "AR",
        "city": "Buenos Aires",
        "country": "Argentina",
        "name": "Buenos Aires, Argentina",
        "region": "Latin America & the Caribbean"
    },
    "FCO": {
        "cca2": "IT",
        "city": "Rome",
        "country": "Italy",
        "name": "Rome, Italy",
        "region": "Europe"
    },
    "FIH": {
        "city": "Kinshasa",
        "country": "DR Congo",
        "name": "Kinshasa, DR Congo",
        "region": "Africa"
    },
    "FLN": {
        "cca2": "BR",
        "city": "Florianopolis",
        "country": "Brazil",
        "name": "Florianopolis, Brazil",
        "region": "Latin America & the Caribbean"
    },
    "FOC": {
        "cca2": "CN",
        "city": "Fuzhou",
        "country": "China",
        "name": "Fuzhou, China",
        "region": "Asia"
    },
    "FOR": {
        "cca2": "BR",
        "city": "Fortaleza",
        "country": "Brazil",
        "name": "Fortaleza, Brazil",
        "region": "Latin America & the Caribbean"
    },
    "FRA": {
        "cca2": "DE",
        "city": "Frankfurt",
        "country": "Germany",
        "name": "Frankfurt, Germany",
        "region": "Europe"
    },
    "FRU": {
        "cca2": "KG",
        "city": "Bishkek",
        "country": "Kyrgyzstan",
        "name": "Bishkek, Kyrgyzstan",
        "region": "Asia"
    },
    "FSD": {
        "cca2": "US",
        "city": "Sioux Falls, SD",
        "country": "United States",
        "name": "Sioux Falls, SD, United States",
        "region": "North America"
    },
    "FUK": {
        "cca2": "JP",
        "city": "Fukuoka",
        "country": "Japan",
        "name": "Fukuoka, Japan",
        "region": "Asia"
    },
    "FUO": {
        "cca2": "CN",
        "city": "Foshan",
        "country": "China",
        "name": "Foshan, China",
        "region": "Asia"
    },
    "GBE": {
        "cca2": "BW",
        "city": "Gaborone",
        "country": "Botswana",
        "name": "Gaborone, Botswana",
        "region": "Africa"
    },
    "GDL": {
        "cca2": "MX",
        "city": "Guadalajara",
        "country": "Mexico",
        "name": "Guadalajara, Mexico",
        "region": "North America"
    },
    "GEO": {
        "cca2": "GY",
        "city": "Georgetown",
        "country": "Guyana",
        "name": "Georgetown, Guyana",
        "region": "Latin America & the Caribbean"
    },
    "GIG": {
        "cca2": "BR",
        "city": "Rio de Janeiro",
        "country": "Brazil",
        "name": "Rio de Janeiro, Brazil",
        "region": "Latin America & the Caribbean"
    },
    "GND": {
        "cca2": "GD",
        "city": "St. George's",
        "country": "Grenada",
        "name": "St. George's, Grenada",
        "region": "Latin America & the Caribbean"
    },
    "GOT": {
        "cca2": "SE",
        "city": "Gothenburg",
        "country": "Sweden",
        "name": "Gothenburg, Sweden",
        "region": "Europe"
    },
    "GRU": {
        "cca2": "BR",
        "city": "São Paulo",
        "country": "Brazil",
        "name": "São Paulo, Brazil",
        "region": "Latin America & the Caribbean"
    },
    "GUA": {
        "cca2": "GT",
        "city": "Guatemala City",
        "country": "Guatemala",
        "name": "Guatemala City, Guatemala",
        "region": "Latin America & the Caribbean"
    },
    "GUM": {
        "cca2": "GU",
        "city": "Hagatna",
        "country": "Guam",
        "name": "Hagatna, Guam",
        "region": "Oceania"
    },
    "GVA": {
        "cca2": "CH",
        "city": "Geneva",
        "country": "Switzerland",
        "name": "Geneva, Switzerland",
        "region": "Europe"
    },
    "GYD": {
        "cca2": "AZ",
        "city": "Baku",
        "country": "Azerbaijan",
        "name": "Baku, Azerbaijan",
        "region": "Middle East"
    },
    "GYE": {
        "cca2": "EC",
        "city": "Guayaquil",
        "country": "Ecuador",
        "name": "Guayaquil, Ecuador",
        "region": "Latin America & the Caribbean"
    },
    "GYN": {
        "cca2": "BR",
        "city": "Goiania",
        "country": "Brazil",
        "name": "Goiania, Brazil",
        "region": "Latin America & the Caribbean"
    },
    "HAK": {
        "cca2": "CN",
        "city": "Chengmai",
        "country": "China",
        "name": "Chengmai, China",
        "region": "Asia"
    },
    "HAM": {
        "cca2": "DE",
        "city": "Hamburg",
        "country": "Germany",
        "name": "Hamburg, Germany",
        "region": "Europe"
    },
    "HAN": {
        "cca2": "VN",
        "city": "Hanoi",
        "country": "Vietnam",
        "name": "Hanoi, Vietnam",
        "region": "Asia"
    },
    "HBA": {
        "cca2": "AU",
        "city": "Hobart",
        "country": "Australia",
        "name": "Hobart, Australia",
        "region": "Oceania"
    },
    "HEL": {
        "cca2": "FI",
        "city": "Helsinki",
        "country": "Finland",
        "name": "Helsinki, Finland",
        "region": "Europe"
    },
    "HFA": {
        "cca2": "IL",
        "city": "Haifa",
        "country": "Israel",
        "name": "Haifa, Israel",
        "region": "Middle East"
    },
    "HGH": {
        "cca2": "CN",
        "city": "Shaoxing",
        "country": "China",
        "name": "Shaoxing, China",
        "region": "Asia"
    },
    "HKG": {
        "name": "Hong Kong",
        "region": "Asia"
    },
    "HNL": {
        "cca2": "US",
        "city": "Honolulu, HI",
        "country": "United States",
        "name": "Honolulu, HI, United States",
        "region": "North America"
    },
    "HRE": {
        "cca2": "ZW",
        "city": "Harare",
        "country": "Zimbabwe",
        "name": "Harare, Zimbabwe",
        "region": "Africa"
    },
    "HYD": {
        "cca2": "IN",
        "city": "Hyderabad",
        "country": "India",
        "name": "Hyderabad, India",
        "region": "Asia"
    },
    "HYN": {
        "cca2": "CN",
        "city": "Taizhou",
        "country": "China",
        "name": "Taizhou, China",
        "region": "Asia"
    },
    "IAD": {
        "cca2": "US",
        "city": "Ashburn, VA",
        "country": "United States",
        "name": "Ashburn, VA, United States",
        "region": "North America"
    },
    "IAH": {
        "cca2": "US",
        "city": "Houston, TX",
        "country": "United States",
        "name": "Houston, TX, United States",
        "region": "North America"
    },
    "ICN": {
        "cca2": "KR",
        "city": "Seoul",
        "country": "South Korea",
        "name": "Seoul, South Korea",
        "region": "Asia"
    },
    "IND": {
        "cca2": "US",
        "city": "Indianapolis, IN",
        "country": "United States",
        "name": "Indianapolis, IN, United States",
        "region": "North America"
    },
    "ISB": {
        "cca2": "PK",
        "city": "Islamabad",
        "country": "Pakistan",
        "name": "Islamabad, Pakistan",
        "region": "Asia"
    },
    "IST": {
        "cca2": "TR",
        "city": "Istanbul",
        "country": "Turkey",
        "name": "Istanbul, Turkey",
        "region": "Europe"
    },
    "ISU": {
        "cca2": "IQ",
        "city": "Sulaymaniyah",
        "country": "Iraq",
        "name": "Sulaymaniyah, Iraq",
        "region": "Middle East"
    },
    "IXC": {
        "cca2": "IN",
        "city": "Chandigarh",
        "country": "India",
        "name": "Chandigarh, India",
        "region": "Asia"
    },
    "JAX": {
        "cca2": "US",
        "city": "Jacksonville, FL",
        "country": "United States",
        "name": "Jacksonville, FL, United States",
        "region": "North America"
    },
    "JDO": {
        "cca2": "BR",
        "city": "Juazeiro do Norte",
        "country": "Brazil",
        "name": "Juazeiro do Norte, Brazil",
        "region": "Latin America & the Caribbean"
    },
    "JED": {
        "cca2": "SA",
        "city": "Jeddah",
        "country": "Saudi Arabia",
        "name": "Jeddah, Saudi Arabia",
        "region": "Middle East"
    },
    "JHB": {
        "cca2": "MY",
        "city": "Johor Bahru",
        "country": "Malaysia",
        "name": "Johor Bahru, Malaysia",
        "region": "Asia"
    },
    "JIB": {
        "cca2": "DJ",
        "city": "Djibouti",
        "country": "Djibouti",
        "name": "Djibouti, Djibouti",
        "region": "Africa"
    },
    "JNB": {
        "cca2": "ZA",
        "city": "Johannesburg",
        "country": "South Africa",
        "name": "Johannesburg, South Africa",
        "region": "Africa"
    },
    "JOG": {
        "cca2": "ID",
        "city": "Yogyakarta",
        "country": "Indonesia",
        "name": "Yogyakarta, Indonesia",
        "region": "Asia"
    },
    "JOI": {
        "cca2": "BR",
        "city": "Joinville",
        "country": "Brazil",
        "name": "Joinville, Brazil",
        "region": "Latin America & the Caribbean"
    },
    "JXG": {
        "cca2": "CN",
        "city": "Jiaxing",
        "country": "China",
        "name": "Jiaxing, China",
        "region": "Asia"
    },
    "KBP": {
        "cca2": "UA",
        "city": "Kyiv",
        "country": "Ukraine",
        "name": "Kyiv, Ukraine",
        "region": "Europe"
    },
    "KCH": {
        "cca2": "MY",
        "city": "Kuching",
        "country": "Malaysia",
        "name": "Kuching, Malaysia",
        "region": "Asia"
    },
    "KEF": {
        "cca2": "IS",
        "city": "Reykjavík",
        "country": "Iceland",
        "name": "Reykjavík, Iceland",
        "region": "Europe"
    },
    "KGL": {
        "cca2": "RW",
        "city": "Kigali",
        "country": "Rwanda",
        "name": "Kigali, Rwanda",
        "region": "Africa"
    },
    "KHH": {
        "cca2": "TW",
        "city": "Kaohsiung City",
        "country": "Taiwan",
        "name": "Kaohsiung City, Taiwan",
        "region": "Asia"
    },
    "KHI": {
        "cca2": "PK",
        "city": "Karachi",
        "country": "Pakistan",
        "name": "Karachi, Pakistan",
        "region": "Asia"
    },
    "KHN": {
        "cca2": "CN",
        "city": "Nanchang",
        "country": "China",
        "name": "Nanchang, China",
        "region": "Asia"
    },
    "KIN": {
        "cca2": "JM",
        "city": "Kingston",
        "country": "Jamaica",
        "name": "Kingston, Jamaica",
        "region": "North America"
    },
    "KIV": {
        "cca2": "MD",
        "city": "Chișinău",
        "country": "Moldova",
        "name": "Chișinău, Moldova",
        "region": "Europe"
    },
    "KIX": {
        "cca2": "JP",
        "city": "Osaka",
        "country": "Japan",
        "name": "Osaka, Japan",
        "region": "Asia"
    },
    "KJA": {
        "cca2": "RU",
        "city": "Krasnoyarsk",
        "country": "Russia",
        "name": "Krasnoyarsk, Russia",
        "region": "Asia"
    },
    "KMG": {
        "cca2": "CN",
        "city": "Kunming",
        "country": "China",
        "name": "Kunming, China",
        "region": "Asia"
    },
    "KNU": {
        "cca2": "IN",
        "city": "Kanpur",
        "country": "India",
        "name": "Kanpur, India",
        "region": "Asia"
    },
    "KTM": {
        "cca2": "NP",
        "city": "Kathmandu",
        "country": "Nepal",
        "name": "Kathmandu, Nepal",
        "region": "Asia"
    },
    "KUL": {
        "cca2": "MY",
        "city": "Kuala Lumpur",
        "country": "Malaysia",
        "name": "Kuala Lumpur, Malaysia",
        "region": "Asia"
    },
    "KWE": {
        "cca2": "CN",
        "city": "Guiyang",
        "country": "China",
        "name": "Guiyang, China",
        "region": "Asia"
    },
    "KWI": {
        "cca2": "KW",
        "city": "Kuwait City",
        "country": "Kuwait",
        "name": "Kuwait City, Kuwait",
        "region": "Middle East"
    },
    "LAD": {
        "cca2": "AO",
        "city": "Luanda",
        "country": "Angola",
        "name": "Luanda, Angola",
        "region": "Africa"
    },
    "LAS": {
        "cca2": "US",
        "city": "Las Vegas, NV",
        "country": "United States",
        "name": "Las Vegas, NV, United States",
        "region": "North America"
    },
    "LAX": {
        "cca2": "US",
        "city": "Los Angeles, CA",
        "country": "United States",
        "name": "Los Angeles, CA, United States",
        "region": "North America"
    },
    "LCA": {
        "cca2": "CY",
        "city": "Nicosia",
        "country": "Cyprus",
        "name": "Nicosia, Cyprus",
        "region": "Europe"
    },
    "LED": {
        "cca2": "RU",
        "city": "Saint Petersburg",
        "country": "Russia",
        "name": "Saint Petersburg, Russia",
        "region": "Europe"
    },
    "LHE": {
        "cca2": "PK",
        "city": "Lahore",
        "country": "Pakistan",
        "name": "Lahore, Pakistan",
        "region": "Asia"
    },
    "LHR": {
        "cca2": "GB",
        "city": "London",
        "country": "United Kingdom",
        "name": "London, United Kingdom",
        "region": "Europe"
    },
    "LIM": {
        "cca2": "PE",
        "city": "Lima",
        "country": "Peru",
        "name": "Lima, Peru",
        "region": "Latin America & the Caribbean"
    },
    "LIS": {
        "cca2": "PT",
        "city": "Lisbon",
        "country": "Portugal",
        "name": "Lisbon, Portugal",
        "region": "Europe"
    },
    "LLK": {
        "cca2": "AZ",
        "city": "Astara",
        "country": "Azerbaijan",
        "name": "Astara, Azerbaijan",
        "region": "Middle East"
    },
    "LLW": {
        "cca2": "MW",
        "city": "Lilongwe",
        "country": "Malawi",
        "name": "Lilongwe, Malawi",
        "region": "Africa"
    },
    "LOS": {
        "cca2": "NG",
        "city": "Lagos",
        "country": "Nigeria",
        "name": "Lagos, Nigeria",
        "region": "Africa"
    },
    "LPB": {
        "cca2": "BO",
        "city": "La Paz",
        "country": "Bolivia",
        "name": "La Paz, Bolivia",
        "region": "Latin America & the Caribbean"
    },
    "LUN": {
        "cca2": "ZM",
        "city": "Lusaka",
        "country": "Zambia",
        "name": "Lusaka, Zambia",
        "region": "Africa"
    },
    "LUX": {
        "cca2": "LU",
        "city": "Luxembourg City",
        "country": "Luxembourg",
        "name": "Luxembourg City, Luxembourg",
        "region": "Europe"
    },
    "LYS": {
        "cca2": "FR",
        "city": "Lyon",
        "country": "France",
        "name": "Lyon, France",
        "region": "Europe"
    },
    "MAA": {
        "cca2": "IN",
        "city": "Chennai",
        "country": "India",
        "name": "Chennai, India",
        "region": "Asia"
    },
    "MAD": {
        "cca2": "ES",
        "city": "Madrid",
        "country": "Spain",
        "name": "Madrid, Spain",
        "region": "Europe"
    },
    "MAN": {
        "cca2": "GB",
        "city": "Manchester",
        "country": "United Kingdom",
        "name": "Manchester, United Kingdom",
        "region": "Europe"
    },
    "MAO": {
        "cca2": "BR",
        "city": "Manaus",
        "country": "Brazil",
        "name": "Manaus, Brazil",
        "region": "Latin America & the Caribbean"
    },
    "MBA": {
        "cca2": "KE",
        "city": "Mombasa",
        "country": "Kenya",
        "name": "Mombasa, Kenya",
        "region": "Africa"
    },
    "MCI": {
        "cca2": "US",
        "city": "Kansas City, MO",
        "country": "United States",
        "name": "Kansas City, MO, United States",
        "region": "North America"
    },
    "MCT": {
        "cca2": "OM",
        "city": "Muscat",
        "country": "Oman",
        "name": "Muscat, Oman",
        "region": "Middle East"
    },
    "MDE": {
        "cca2": "CO",
        "city": "Medellín",
        "country": "Colombia",
        "name": "Medellín, Colombia",
        "region": "Latin America & the Caribbean"
    },
    "MEL": {
        "cca2": "AU",
        "city": "Melbourne, VIC",
        "country": "Australia",
        "name": "Melbourne, VIC, Australia",
        "region": "Oceania"
    },
    "MEM": {
        "cca2": "US",
        "city": "Memphis, TN",
        "country": "United States",
        "name": "Memphis, TN, United States",
        "region": "North America"
    },
    "MEX": {
        "cca2": "MX",
        "city": "Mexico City",
        "country": "Mexico",
        "name": "Mexico City, Mexico",
        "region": "North America"
    },
    "MFM": {
        "name": "Macau",
        "region": "Asia"
    },
    "MIA": {
        "cca2": "US",
        "city": "Miami, FL",
        "country": "United States",
        "name": "Miami, FL, United States",
        "region": "North America"
    },
    "MLA": {
        "cca2": "MT",
        "city": "Santa Venera",
        "country": "Malta",
        "name": "Santa Venera, Malta",
        "region": "Europe"
    },
    "MLE": {
        "cca2": "MV",
        "city": "Male",
        "country": "Maldives",
        "name": "Male, Maldives",
        "region": "Asia"
    },
    "MLG": {
        "cca2": "ID",
        "city": "Malang",
        "country": "Indonesia",
        "name": "Malang, Indonesia",
        "region": "Asia"
    },
    "MNL": {
        "cca2": "PH",
        "city": "Manila",
        "country": "Philippines",
        "name": "Manila, Philippines",
        "region": "Asia"
    },
    "MPM": {
        "cca2": "MZ",
        "city": "Maputo",
        "country": "Mozambique",
        "name": "Maputo, Mozambique",
        "region": "Africa"
    },
    "MRS": {
        "cca2": "FR",
        "city": "Marseille",
        "country": "France",
        "name": "Marseille, France",
        "region": "Europe"
    },
    "MRU": {
        "cca2": "MU",
        "city": "Port Louis",
        "country": "Mauritius",
        "name": "Port Louis, Mauritius",
        "region": "Africa"
    },
    "MSP": {
        "cca2": "US",
        "city": "Minneapolis, MN",
        "country": "United States",
        "name": "Minneapolis, MN, United States",
        "region": "North America"
    },
    "MSQ": {
        "cca2": "BY",
        "city": "Minsk",
        "country": "Belarus",
        "name": "Minsk, Belarus",
        "region": "Europe"
    },
    "MUC": {
        "cca2": "DE",
        "city": "Munich",
        "country": "Germany",
        "name": "Munich, Germany",
        "region": "Europe"
    },
    "MXP": {
        "cca2": "IT",
        "city": "Milan",
        "country": "Italy",
        "name": "Milan, Italy",
        "region": "Europe"
    },
    "NAG": {
        "cca2": "IN",
        "city": "Nagpur",
        "country": "India",
        "name": "Nagpur, India",
        "region": "Asia"
    },
    "NBO": {
        "cca2": "KE",
        "city": "Nairobi",
        "country": "Kenya",
        "name": "Nairobi, Kenya",
        "region": "Africa"
    },
    "NJF": {
        "cca2": "IQ",
        "city": "Najaf",
        "country": "Iraq",
        "name": "Najaf, Iraq",
        "region": "Middle East"
    },
    "NNG": {
        "cca2": "CN",
        "city": "Nanning",
        "country": "China",
        "name": "Nanning, China",
        "region": "Asia"
    },
    "NOU": {
        "cca2": "NC",
        "city": "Noumea",
        "country": "New Caledonia",
        "name": "Noumea, New Caledonia",
        "region": "Oceania"
    },
    "NQN": {
        "cca2": "AR",
        "city": "Neuquen",
        "country": "Argentina",
        "name": "Neuquen, Argentina",
        "region": "Latin America & the Caribbean"
    },
    "NQZ": {
        "cca2": "KZ",
        "city": "Astana",
        "country": "Kazakhstan",
        "name": "Astana, Kazakhstan",
        "region": "Asia"
    },
    "NRT": {
        "cca2": "JP",
        "city": "Tokyo",
        "country": "Japan",
        "name": "Tokyo, Japan",
        "region": "Asia"
    },
    "NVT": {
        "cca2": "BR",
        "city": "Timbo",
        "country": "Brazil",
        "name": "Timbo, Brazil",
        "region": "Latin America & the Caribbean"
    },
    "OKA": {
        "cca2": "JP",
        "city": "Naha",
        "country": "Japan",
        "name": "Naha, Japan",
        "region": "Asia"
    },
    "OKC": {
        "cca2": "US",
        "city": "Oklahoma City",
        "country": "United States",
        "name": "Oklahoma City, United States",
        "region": "North America"
    },
    "OMA": {
        "cca2": "US",
        "city": "Omaha, NE",
        "country": "United States",
        "name": "Omaha, NE, United States",
        "region": "North America"
    },
    "ORD": {
        "cca2": "US",
        "city": "Chicago, IL",
        "country": "United States",
        "name": "Chicago, IL, United States",
        "region": "North America"
    },
    "ORF": {
        "cca2": "US",
        "city": "Norfolk, VA",
        "country": "United States",
        "name": "Norfolk, VA, United States",
        "region": "North America"
    },
    "ORN": {
        "cca2": "DZ",
        "city": "Oran",
        "country": "Algeria",
        "name": "Oran, Algeria",
        "region": "Africa"
    },
    "OSL": {
        "cca2": "NO",
        "city": "Oslo",
        "country": "Norway",
        "name": "Oslo, Norway",
        "region": "Europe"
    },
    "OTP": {
        "cca2": "RO",
        "city": "Bucharest",
        "country": "Romania",
        "name": "Bucharest, Romania",
        "region": "Europe"
    },
    "OUA": {
        "cca2": "BF",
        "city": "Ouagadougou",
        "country": "Burkina Faso",
        "name": "Ouagadougou, Burkina Faso",
        "region": "Africa"
    },
    "PAT": {
        "cca2": "IN",
        "city": "Patna",
        "country": "India",
        "name": "Patna, India",
        "region": "Asia"
    },
    "PBH": {
        "cca2": "BT",
        "city": "Thimphu",
        "country": "Bhutan",
        "name": "Thimphu, Bhutan",
        "region": "Asia"
    },
    "PBM": {
        "cca2": "SR",
        "city": "Paramaribo",
        "country": "Suriname",
        "name": "Paramaribo, Suriname",
        "region": "Latin America & the Caribbean"
    },
    "PDX": {
        "cca2": "US",
        "city": "Portland, OR",
        "country": "United States",
        "name": "Portland, OR, United States",
        "region": "North America"
    },
    "PER": {
        "cca2": "AU",
        "city": "Perth, WA",
        "country": "Australia",
        "name": "Perth, WA, Australia",
        "region": "Oceania"
    },
    "PHL": {
        "cca2": "US",
        "city": "Philadelphia",
        "country": "United States",
        "name": "Philadelphia, United States",
        "region": "North America"
    },
    "PHX": {
        "cca2": "US",
        "city": "Phoenix, AZ",
        "country": "United States",
        "name": "Phoenix, AZ, United States",
        "region": "North America"
    },
    "PIT": {
        "cca2": "US",
        "city": "Pittsburgh, PA",
        "country": "United States",
        "name": "Pittsburgh, PA, United States",
        "region": "North America"
    },
    "PKX": {
        "cca2": "CN",
        "city": "Langfang",
        "country": "China",
        "name": "Langfang, China",
        "region": "Asia"
    },
    "PMO": {
        "cca2": "IT",
        "city": "Palermo",
        "country": "Italy",
        "name": "Palermo, Italy",
        "region": "Europe"
    },
    "PMW": {
        "cca2": "BR",
        "city": "Palmas",
        "country": "Brazil",
        "name": "Palmas, Brazil",
        "region": "Latin America & the Caribbean"
    },
    "PNH": {
        "cca2": "KH",
        "city": "Phnom Penh",
        "country": "Cambodia",
        "name": "Phnom Penh, Cambodia",
        "region": "Asia"
    },
    "POA": {
        "cca2": "BR",
        "city": "Porto Alegre",
        "country": "Brazil",
        "name": "Porto Alegre, Brazil",
        "region": "Latin America & the Caribbean"
    },
    "POS": {
        "city": "Port of Spain",
        "country": "Trinidad and Tobago",
        "name": "Port of Spain, Trinidad and Tobago",
        "region": "Latin America & the Caribbean"
    },
    "PPT": {
        "cca2": "PF",
        "city": "Tahiti",
        "country": "French Polynesia",
        "name": "Tahiti, French Polynesia",
        "region": "Oceania"
    },
    "PRG": {
        "city": "Prague",
        "country": "Czech Republic",
        "name": "Prague, Czech Republic",
        "region": "Europe"
    },
    "PTY": {
        "cca2": "PA",
        "city": "Panama City",
        "country": "Panama",
        "name": "Panama City, Panama",
        "region": "Latin America & the Caribbean"
    },
    "QRO": {
        "cca2": "MX",
        "city": "Queretaro, MX",
        "country": "Mexico",
        "name": "Queretaro, MX, Mexico",
        "region": "North America"
    },
    "QWJ": {
        "cca2": "BR",
        "city": "Americana",
        "country": "Brazil",
        "name": "Americana, Brazil",
        "region": "Latin America & the Caribbean"
    },
    "RAO": {
        "cca2": "BR",
        "city": "Ribeirao Preto",
        "country": "Brazil",
        "name": "Ribeirao Preto, Brazil",
        "region": "Latin America & the Caribbean"
    },
    "RDU": {
        "cca2": "US",
        "city": "Durham",
        "country": "United States",
        "name": "Durham, United States",
        "region": "North America"
    },
    "REC": {
        "cca2": "BR",
        "city": "Recife",
        "country": "Brazil",
        "name": "Recife, Brazil",
        "region": "Latin America & the Caribbean"
    },
    "RIC": {
        "cca2": "US",
        "city": "Richmond, VA",
        "country": "United States",
        "name": "Richmond, VA, United States",
        "region": "North America"
    },
    "RIX": {
        "cca2": "LV",
        "city": "Riga",
        "country": "Latvia",
        "name": "Riga, Latvia",
        "region": "Europe"
    },
    "RUH": {
        "cca2": "SA",
        "city": "Riyadh",
        "country": "Saudi Arabia",
        "name": "Riyadh, Saudi Arabia",
        "region": "Middle East"
    },
    "RUN": {
        "city": "Saint-Denis",
        "country": "Réunion",
        "name": "Saint-Denis, Réunion",
        "region": "Africa"
    },
    "SAN": {
        "cca2": "US",
        "city": "San Diego, CA",
        "country": "United States",
        "name": "San Diego, CA, United States",
        "region": "North America"
    },
    "SAP": {
        "cca2": "HN",
        "city": "San Pedro Sula",
        "country": "Honduras",
        "name": "San Pedro Sula, Honduras",
        "region": "Latin America & the Caribbean"
    },
    "SAT": {
        "cca2": "US",
        "city": "San Antonio",
        "country": "United States",
        "name": "San Antonio, United States",
        "region": "North America"
    },
    "SCL": {
        "cca2": "CL",
        "city": "Santiago",
        "country": "Chile",
        "name": "Santiago, Chile",
        "region": "Latin America & the Caribbean"
    },
    "SDQ": {
        "cca2": "DO",
        "city": "Santo Domingo",
        "country": "Dominican Republic",
        "name": "Santo Domingo, Dominican Republic",
        "region": "Latin America & the Caribbean"
    },
    "SEA": {
        "cca2": "US",
        "city": "Seattle, WA",
        "country": "United States",
        "name": "Seattle, WA, United States",
        "region": "North America"
    },
    "SFO": {
        "cca2": "US",
        "city": "San Francisco",
        "country": "United States",
        "name": "San Francisco, United States",
        "region": "North America"
    },
    "SGN": {
        "cca2": "VN",
        "city": "Ho Chi Minh City",
        "country": "Vietnam",
        "name": "Ho Chi Minh City, Vietnam",
        "region": "Asia"
    },
    "SHA": {
        "cca2": "CN",
        "city": "Shanghai",
        "country": "China",
        "name": "Shanghai, China",
        "region": "Asia"
    },
    "SIN": {
        "cca2": "SG",
        "city": "Singapore",
        "country": "Singapore",
        "name": "Singapore, Singapore",
        "region": "Asia"
    },
    "SJC": {
        "cca2": "US",
        "city": "San Jose, CA",
        "country": "United States",
        "name": "San Jose, CA, United States",
        "region": "North America"
    },
    "SJK": {
        "cca2": "BR",
        "city": "São José dos Campos",
        "country": "Brazil",
        "name": "São José dos Campos, Brazil",
        "region": "Latin America & the Caribbean"
    },
    "SJO": {
        "cca2": "CR",
        "city": "San José",
        "country": "Costa Rica",
        "name": "San José, Costa Rica",
        "region": "Latin America & the Caribbean"
    },
    "SJP": {
        "cca2": "BR",
        "city": "São José do Rio Preto",
        "country": "Brazil",
        "name": "São José do Rio Preto, Brazil",
        "region": "Latin America & the Caribbean"
    },
    "SJU": {
        "cca2": "PR",
        "city": "San Juan",
        "country": "Puerto Rico",
        "name": "San Juan, Puerto Rico",
        "region": "Latin America & the Caribbean"
    },
    "SJW": {
        "cca2": "CN",
        "city": "Shijiazhuang",
        "country": "China",
        "name": "Shijiazhuang, China",
        "region": "Asia"
    },
    "SKG": {
        "cca2": "GR",
        "city": "Thessaloniki",
        "country": "Greece",
        "name": "Thessaloniki, Greece",
        "region": "Europe"
    },
    "SKP": {
        "cca2": "MK",
        "city": "Skopje",
        "country": "North Macedonia",
        "name": "Skopje, North Macedonia",
        "region": "Europe"
    },
    "SLC": {
        "cca2": "US",
        "city": "Salt Lake City, UT",
        "country": "United States",
        "name": "Salt Lake City, UT, United States",
        "region": "North America"
    },
    "SMF": {
        "cca2": "US",
        "city": "Sacramento, CA",
        "country": "United States",
        "name": "Sacramento, CA, United States",
        "region": "North America"
    },
    "SOD": {
        "cca2": "BR",
        "city": "Sorocaba",
        "country": "Brazil",
        "name": "Sorocaba, Brazil",
        "region": "Latin America & the Caribbean"
    },
    "SOF": {
        "cca2": "BG",
        "city": "Sofia",
        "country": "Bulgaria",
        "name": "Sofia, Bulgaria",
        "region": "Europe"
    },
    "SSA": {
        "cca2": "BR",
        "city": "Salvador",
        "country": "Brazil",
        "name": "Salvador, Brazil",
        "region": "Latin America & the Caribbean"
    },
    "STI": {
        "cca2": "DO",
        "city": "Santiago de los Caballeros",
        "country": "Dominican Republic",
        "name": "Santiago de los Caballeros, Dominican Republic",
        "region": "Latin America & the Caribbean"
    },
    "STL": {
        "cca2": "US",
        "city": "St. Louis, MO",
        "country": "United States",
        "name": "St. Louis, MO, United States",
        "region": "North America"
    },
    "STR": {
        "cca2": "DE",
        "city": "Stuttgart",
        "country": "Germany",
        "name": "Stuttgart, Germany",
        "region": "Europe"
    },
    "SUV": {
        "cca2": "FJ",
        "city": "Suva",
        "country": "Fiji",
        "name": "Suva, Fiji",
        "region": "Oceania"
    },
    "SYD": {
        "cca2": "AU",
        "city": "Sydney, NSW",
        "country": "Australia",
        "name": "Sydney, NSW, Australia",
        "region": "Oceania"
    },
    "SZX": {
        "cca2": "CN",
        "city": "Shenzhen",
        "country": "China",
        "name": "Shenzhen, China",
        "region": "Asia"
    },
    "TAO": {
        "cca2": "CN",
        "city": "Qingdao",
        "country": "China",
        "name": "Qingdao, China",
        "region": "Asia"
    },
    "TBS": {
        "cca2": "GE",
        "city": "Tbilisi",
        "country": "Georgia",
        "name": "Tbilisi, Georgia",
        "region": "Europe"
    },
    "TEN": {
        "cca2": "CN",
        "city": "Tongren",
        "country": "China",
        "name": "Tongren, China",
        "region": "Asia"
    },
    "TGU": {
        "cca2": "HN",
        "city": "Tegucigalpa",
        "country": "Honduras",
        "name": "Tegucigalpa, Honduras",
        "region": "Latin America & the Caribbean"
    },
    "TIA": {
        "cca2": "AL",
        "city": "Tirana",
        "country": "Albania",
        "name": "Tirana, Albania",
        "region": "Europe"
    },
    "TLH": {
        "cca2": "US",
        "city": "Tallahassee, FL",
        "country": "United States",
        "name": "Tallahassee, FL, United States",
        "region": "North America"
    },
    "TLL": {
        "cca2": "EE",
        "city": "Tallinn",
        "country": "Estonia",
        "name": "Tallinn, Estonia",
        "region": "Europe"
    },
    "TLV": {
        "cca2": "IL",
        "city": "Tel Aviv",
        "country": "Israel",
        "name": "Tel Aviv, Israel",
        "region": "Middle East"
    },
    "TNA": {
        "cca2": "CN",
        "city": "Zibo",
        "country": "China",
        "name": "Zibo, China",
        "region": "Asia"
    },
    "TNR": {
        "cca2": "MG",
        "city": "Antananarivo",
        "country": "Madagascar",
        "name": "Antananarivo, Madagascar",
        "region": "Africa"
    },
    "TPA": {
        "cca2": "US",
        "city": "Tampa",
        "country": "United States",
        "name": "Tampa, United States",
        "region": "North America"
    },
    "TPE": {
        "name": "Taipei",
        "region": "Asia"
    },
    "TUN": {
        "cca2": "TN",
        "city": "Tunis",
        "country": "Tunisia",
        "name": "Tunis, Tunisia",
        "region": "Africa"
    },
    "TXL": {
        "cca2": "DE",
        "city": "Berlin",
        "country": "Germany",
        "name": "Berlin, Germany",
        "region": "Europe"
    },
    "TYN": {
        "cca2": "CN",
        "city": "Yangquan",
        "country": "China",
        "name": "Yangquan, China",
        "region": "Asia"
    },
    "UDI": {
        "cca2": "BR",
        "city": "Uberlandia",
        "country": "Brazil",
        "name": "Uberlandia, Brazil",
        "region": "Latin America & the Caribbean"
    },
    "UIO": {
        "cca2": "EC",
        "city": "Quito",
        "country": "Ecuador",
        "name": "Quito, Ecuador",
        "region": "Latin America & the Caribbean"
    },
    "ULN": {
        "cca2": "MN",
        "city": "Ulaanbaatar",
        "country": "Mongolia",
        "name": "Ulaanbaatar, Mongolia",
        "region": "Asia"
    },
    "URT": {
        "cca2": "TH",
        "city": "Surat Thani",
        "country": "Thailand",
        "name": "Surat Thani, Thailand",
        "region": "Asia"
    },
    "VCP": {
        "cca2": "BR",
        "city": "Campinas",
        "country": "Brazil",
        "name": "Campinas, Brazil",
        "region": "Latin America & the Caribbean"
    },
    "VIE": {
        "cca2": "AT",
        "city": "Vienna",
        "country": "Austria",
        "name": "Vienna, Austria",
        "region": "Europe"
    },
    "VIX": {
        "cca2": "BR",
        "city": "Vitoria",
        "country": "Brazil",
        "name": "Vitoria, Brazil",
        "region": "Latin America & the Caribbean"
    },
    "VNO": {
        "cca2": "LT",
        "city": "Vilnius",
        "country": "Lithuania",
        "name": "Vilnius, Lithuania",
        "region": "Europe"
    },
    "VTE": {
        "cca2": "LA",
        "city": "Vientiane",
        "country": "Laos",
        "name": "Vientiane, Laos",
        "region": "Asia"
    },
    "WAW": {
        "cca2": "PL",
        "city": "Warsaw",
        "country": "Poland",
        "name": "Warsaw, Poland",
        "region": "Europe"
    },
    "WDH": {
        "cca2": "NA",
        "city": "Windhoek",
        "country": "Namibia",
        "name": "Windhoek, Namibia",
        "region": "Africa"
    },
    "WRO": {
        "cca2": "PL",
        "city": "Wroclaw",
        "country": "Poland",
        "name": "Wroclaw, Poland",
        "region": "Europe"
    },
    "XAP": {
        "cca2": "BR",
        "city": "Chapeco",
        "country": "Brazil",
        "name": "Chapeco, Brazil",
        "region": "Latin America & the Caribbean"
    },
    "XFN": {
        "cca2": "CN",
        "city": "Xiangyang",
        "country": "China",
        "name": "Xiangyang, China",
        "region": "Asia"
    },
    "XIY": {
        "cca2": "CN",
        "city": "Baoji",
        "country": "China",
        "name": "Baoji, China",
        "region": "Asia"
    },
    "XNH": {
        "cca2": "IQ",
        "city": "Nasiriyah",
        "country": "Iraq",
        "name": "Nasiriyah, Iraq",
        "region": "Middle East"
    },
    "XNN": {
        "cca2": "CN",
        "city": "Xining",
        "country": "China",
        "name": "Xining, China",
        "region": "Asia"
    },
    "YHZ": {
        "cca2": "CA",
        "city": "Halifax",
        "country": "Canada",
        "name": "Halifax, Canada",
        "region": "North America"
    },
    "YOW": {
        "cca2": "CA",
        "city": "Ottawa",
        "country": "Canada",
        "name": "Ottawa, Canada",
        "region": "North America"
    },
    "YUL": {
        "cca2": "CA",
        "city": "Montréal, QC",
        "country": "Canada",
        "name": "Montréal, QC, Canada",
        "region": "North America"
    },
    "YVR": {
        "cca2": "CA",
        "city": "Vancouver, BC",
        "country": "Canada",
        "name": "Vancouver, BC, Canada",
        "region": "North America"
    },
    "YWG": {
        "cca2": "CA",
        "city": "Winnipeg, MB",
        "country": "Canada",
        "name": "Winnipeg, MB, Canada",
        "region": "North America"
    },
    "YXE": {
        "cca2": "CA",
        "city": "Saskatoon, SK",
        "country": "Canada",
        "name": "Saskatoon, SK, Canada",
        "region": "North America"
    },
    "YYC": {
        "cca2": "CA",
        "city": "Calgary, AB",
        "country": "Canada",
        "name": "Calgary, AB, Canada",
        "region": "North America"
    },
    "YYZ": {
        "cca2": "CA",
        "city": "Toronto, ON",
        "country": "Canada",
        "name": "Toronto, ON, Canada",
        "region": "North America"
    },
    "ZAG": {
        "cca2": "HR",
        "city": "Zagreb",
        "country": "Croatia",
        "name": "Zagreb, Croatia",
        "region": "Europe"
    },
    "ZDM": {
        "name": "Ramallah",
        "region": "Middle East"
    },
    "ZRH": {
        "cca2": "CH",
        "city": "Zurich",
        "country": "Switzerland",
        "name": "Zurich, Switzerland",
        "region": "Europe"
    }
}